"LOCATION","INDICATOR","SUBJECT","MEASURE","FREQUENCY","TIME","Value","Flag Codes"
"AUS","STUDPERTEACHER","PRY","RT","A","2013",15.615,
"AUS","STUDPERTEACHER","PRY","RT","A","2014",15.612,
"AUS","STUDPERTEACHER","PRY","RT","A","2015",15.433,
"AUS","STUDPERTEACHER","PRY","RT","A","2016",15.168,
"AUS","STUDPERTEACHER","PRY","RT","A","2017",15.124,
"AUS","STUDPERTEACHER","TRY","RT","A","2013",14.326,
"AUS","STUDPERTEACHER","TRY","RT","A","2014",,"M"
"AUS","STUDPERTEACHER","TRY","RT","A","2015",,"M"
"AUS","STUDPERTEACHER","TRY","RT","A","2016",,"M"
"AUS","STUDPERTEACHER","TRY","RT","A","2017",,"M"
"AUS","STUDPERTEACHER","EARLYCHILDEDU","RT","A","2013",,"M"
"AUS","STUDPERTEACHER","EARLYCHILDEDU","RT","A","2014",,"M"
"AUS","STUDPERTEACHER","EARLYCHILDEDU","RT","A","2015",,"M"
"AUS","STUDPERTEACHER","EARLYCHILDEDU","RT","A","2016",,"M"
"AUS","STUDPERTEACHER","EARLYCHILDEDU","RT","A","2017",,"M"
"AUS","STUDPERTEACHER","SRY","RT","A","2014",,"M"
"AUS","STUDPERTEACHER","SRY","RT","A","2015",,"M"
"AUS","STUDPERTEACHER","SRY","RT","A","2016",,"M"
"AUS","STUDPERTEACHER","SRY","RT","A","2017",,"M"
"AUT","STUDPERTEACHER","PRY","RT","A","2013",11.919,
"AUT","STUDPERTEACHER","PRY","RT","A","2014",11.95,
"AUT","STUDPERTEACHER","PRY","RT","A","2015",11.843,
"AUT","STUDPERTEACHER","PRY","RT","A","2016",11.628,
"AUT","STUDPERTEACHER","PRY","RT","A","2017",11.267,
"AUT","STUDPERTEACHER","TRY","RT","A","2013",14.999,
"AUT","STUDPERTEACHER","TRY","RT","A","2014",14.69,
"AUT","STUDPERTEACHER","TRY","RT","A","2015",14.35,
"AUT","STUDPERTEACHER","TRY","RT","A","2016",14.351,
"AUT","STUDPERTEACHER","TRY","RT","A","2017",14.04,
"AUT","STUDPERTEACHER","EARLYCHILDEDU","RT","A","2013",12.798,
"AUT","STUDPERTEACHER","EARLYCHILDEDU","RT","A","2014",12.926,
"AUT","STUDPERTEACHER","EARLYCHILDEDU","RT","A","2015",12.537,
"AUT","STUDPERTEACHER","EARLYCHILDEDU","RT","A","2016",12.346,
"AUT","STUDPERTEACHER","EARLYCHILDEDU","RT","A","2017",12.709,
"AUT","STUDPERTEACHER","SRY","RT","A","2013",9.356,
"AUT","STUDPERTEACHER","SRY","RT","A","2014",9.308,
"AUT","STUDPERTEACHER","SRY","RT","A","2015",9.31,
"AUT","STUDPERTEACHER","SRY","RT","A","2016",9.226,
"AUT","STUDPERTEACHER","SRY","RT","A","2017",9.174,
"BEL","STUDPERTEACHER","PRY","RT","A","2013",12.672,
"BEL","STUDPERTEACHER","PRY","RT","A","2014",12.723,
"BEL","STUDPERTEACHER","PRY","RT","A","2015",12.784,
"BEL","STUDPERTEACHER","PRY","RT","A","2016",12.832,
"BEL","STUDPERTEACHER","PRY","RT","A","2017",12.895,
"BEL","STUDPERTEACHER","TRY","RT","A","2013",21.01,
"BEL","STUDPERTEACHER","TRY","RT","A","2014",22.456,
"BEL","STUDPERTEACHER","TRY","RT","A","2015",22.824,
"BEL","STUDPERTEACHER","TRY","RT","A","2016",21.219,
"BEL","STUDPERTEACHER","TRY","RT","A","2017",21.168,
"BEL","STUDPERTEACHER","EARLYCHILDEDU","RT","A","2013",,"M"
"BEL","STUDPERTEACHER","EARLYCHILDEDU","RT","A","2014",15.442,
"BEL","STUDPERTEACHER","EARLYCHILDEDU","RT","A","2015",,"M"
"BEL","STUDPERTEACHER","EARLYCHILDEDU","RT","A","2016",,"M"
"BEL","STUDPERTEACHER","EARLYCHILDEDU","RT","A","2017",,"M"
"BEL","STUDPERTEACHER","SRY","RT","A","2013",9.67,
"BEL","STUDPERTEACHER","SRY","RT","A","2014",9.666,
"BEL","STUDPERTEACHER","SRY","RT","A","2015",9.767,
"BEL","STUDPERTEACHER","SRY","RT","A","2016",9.514,
"BEL","STUDPERTEACHER","SRY","RT","A","2017",9.419,
"CAN","STUDPERTEACHER","PRY","RT","A","2012",14.027,
"CAN","STUDPERTEACHER","PRY","RT","A","2013",16.477,
"CAN","STUDPERTEACHER","PRY","RT","A","2014",16.57,
"CAN","STUDPERTEACHER","PRY","RT","A","2015",16.978,
"CAN","STUDPERTEACHER","PRY","RT","A","2016",16.855,
"CAN","STUDPERTEACHER","PRY","RT","A","2017",16.225,
"CAN","STUDPERTEACHER","TRY","RT","A","2012",,"M"
"CAN","STUDPERTEACHER","TRY","RT","A","2013",,"M"
"CAN","STUDPERTEACHER","TRY","RT","A","2014",,"M"
"CAN","STUDPERTEACHER","TRY","RT","A","2015",,"M"
"CAN","STUDPERTEACHER","TRY","RT","A","2016",,"M"
"CAN","STUDPERTEACHER","TRY","RT","A","2017",,"M"
"CAN","STUDPERTEACHER","EARLYCHILDEDU","RT","A","2012",,"M"
"CAN","STUDPERTEACHER","EARLYCHILDEDU","RT","A","2013",,"M"
"CAN","STUDPERTEACHER","EARLYCHILDEDU","RT","A","2014",,"M"
"CAN","STUDPERTEACHER","EARLYCHILDEDU","RT","A","2015",,"M"
"CAN","STUDPERTEACHER","EARLYCHILDEDU","RT","A","2016",,"M"
"CAN","STUDPERTEACHER","EARLYCHILDEDU","RT","A","2017",,"M"
"CZE","STUDPERTEACHER","PRY","RT","A","2013",18.788,
"CZE","STUDPERTEACHER","PRY","RT","A","2014",18.677,
"CZE","STUDPERTEACHER","PRY","RT","A","2015",18.974,
"CZE","STUDPERTEACHER","PRY","RT","A","2016",19.149,
"CZE","STUDPERTEACHER","PRY","RT","A","2017",19.138,
"CZE","STUDPERTEACHER","TRY","RT","A","2013",21.883,
"CZE","STUDPERTEACHER","TRY","RT","A","2014",22.25,
"CZE","STUDPERTEACHER","TRY","RT","A","2015",23.342,
"CZE","STUDPERTEACHER","TRY","RT","A","2016",18.864,
"CZE","STUDPERTEACHER","TRY","RT","A","2017",18.362,
"CZE","STUDPERTEACHER","EARLYCHILDEDU","RT","A","2013",13.891,
"CZE","STUDPERTEACHER","EARLYCHILDEDU","RT","A","2014",13.666,
"CZE","STUDPERTEACHER","EARLYCHILDEDU","RT","A","2015",13.455,
"CZE","STUDPERTEACHER","EARLYCHILDEDU","RT","A","2016",13.403,
"CZE","STUDPERTEACHER","EARLYCHILDEDU","RT","A","2017",13.168,
"CZE","STUDPERTEACHER","SRY","RT","A","2013",11.136,
"CZE","STUDPERTEACHER","SRY","RT","A","2014",11.756,
"CZE","STUDPERTEACHER","SRY","RT","A","2015",11.465,
"CZE","STUDPERTEACHER","SRY","RT","A","2016",11.484,
"CZE","STUDPERTEACHER","SRY","RT","A","2017",11.594,
"DNK","STUDPERTEACHER","PRY","RT","A","2014",11.859,
"DNK","STUDPERTEACHER","PRY","RT","A","2015",,"M"
"DNK","STUDPERTEACHER","PRY","RT","A","2016",,"M"
"DNK","STUDPERTEACHER","PRY","RT","A","2017",,"M"
"DNK","STUDPERTEACHER","TRY","RT","A","2013",,"M"
"DNK","STUDPERTEACHER","TRY","RT","A","2014",14.285,
"DNK","STUDPERTEACHER","TRY","RT","A","2015",,"M"
"DNK","STUDPERTEACHER","TRY","RT","A","2016",,"M"
"DNK","STUDPERTEACHER","TRY","RT","A","2017",,"M"
"DNK","STUDPERTEACHER","EARLYCHILDEDU","RT","A","2013",,"M"
"DNK","STUDPERTEACHER","EARLYCHILDEDU","RT","A","2014",10.384,
"DNK","STUDPERTEACHER","EARLYCHILDEDU","RT","A","2015",,"M"
"DNK","STUDPERTEACHER","EARLYCHILDEDU","RT","A","2016",,"M"
"DNK","STUDPERTEACHER","EARLYCHILDEDU","RT","A","2017",,"M"
"DNK","STUDPERTEACHER","SRY","RT","A","2013",,"M"
"DNK","STUDPERTEACHER","SRY","RT","A","2014",12.103,
"DNK","STUDPERTEACHER","SRY","RT","A","2015",,"M"
"DNK","STUDPERTEACHER","SRY","RT","A","2016",,"M"
"DNK","STUDPERTEACHER","SRY","RT","A","2017",,"M"
"FIN","STUDPERTEACHER","PRY","RT","A","2013",13.197,
"FIN","STUDPERTEACHER","PRY","RT","A","2014",13.332,
"FIN","STUDPERTEACHER","PRY","RT","A","2015",13.584,
"FIN","STUDPERTEACHER","PRY","RT","A","2016",13.322,
"FIN","STUDPERTEACHER","PRY","RT","A","2017",13.667,
"FIN","STUDPERTEACHER","TRY","RT","A","2013",13.826,
"FIN","STUDPERTEACHER","TRY","RT","A","2014",14.213,
"FIN","STUDPERTEACHER","TRY","RT","A","2015",15.118,
"FIN","STUDPERTEACHER","TRY","RT","A","2016",15.281,
"FIN","STUDPERTEACHER","TRY","RT","A","2017",15.506,
"FIN","STUDPERTEACHER","EARLYCHILDEDU","RT","A","2013",,"M"
"FIN","STUDPERTEACHER","EARLYCHILDEDU","RT","A","2014",,"M"
"FIN","STUDPERTEACHER","EARLYCHILDEDU","RT","A","2015",,"M"
"FIN","STUDPERTEACHER","EARLYCHILDEDU","RT","A","2016",,"M"
"FIN","STUDPERTEACHER","EARLYCHILDEDU","RT","A","2017",,"M"
"FIN","STUDPERTEACHER","SRY","RT","A","2013",12.707,
"FIN","STUDPERTEACHER","SRY","RT","A","2014",12.758,
"FIN","STUDPERTEACHER","SRY","RT","A","2015",12.907,
"FIN","STUDPERTEACHER","SRY","RT","A","2016",13.241,
"FIN","STUDPERTEACHER","SRY","RT","A","2017",13.58,
"FRA","STUDPERTEACHER","PRY","RT","A","2013",19.313,
"FRA","STUDPERTEACHER","PRY","RT","A","2014",19.424,
"FRA","STUDPERTEACHER","PRY","RT","A","2015",,"M"
"FRA","STUDPERTEACHER","PRY","RT","A","2016",,"M"
"FRA","STUDPERTEACHER","PRY","RT","A","2017",19.619,
"FRA","STUDPERTEACHER","TRY","RT","A","2013",17.298,
"FRA","STUDPERTEACHER","TRY","RT","A","2014",18.205,
"FRA","STUDPERTEACHER","TRY","RT","A","2015",,"M"
"FRA","STUDPERTEACHER","TRY","RT","A","2016",,"M"
"FRA","STUDPERTEACHER","TRY","RT","A","2017",,"M"
"FRA","STUDPERTEACHER","EARLYCHILDEDU","RT","A","2013",21.591,
"FRA","STUDPERTEACHER","EARLYCHILDEDU","RT","A","2014",21.759,
"FRA","STUDPERTEACHER","EARLYCHILDEDU","RT","A","2015",,"M"
"FRA","STUDPERTEACHER","EARLYCHILDEDU","RT","A","2016",,"M"
"FRA","STUDPERTEACHER","EARLYCHILDEDU","RT","A","2017",22.523,
"FRA","STUDPERTEACHER","SRY","RT","A","2013",12.734,
"FRA","STUDPERTEACHER","SRY","RT","A","2014",12.898,
"FRA","STUDPERTEACHER","SRY","RT","A","2015",,"M"
"FRA","STUDPERTEACHER","SRY","RT","A","2016",,"M"
"FRA","STUDPERTEACHER","SRY","RT","A","2017",12.604,
"DEU","STUDPERTEACHER","PRY","RT","A","2013",15.62,
"DEU","STUDPERTEACHER","PRY","RT","A","2014",15.44,
"DEU","STUDPERTEACHER","PRY","RT","A","2015",15.447,
"DEU","STUDPERTEACHER","PRY","RT","A","2016",15.322,
"DEU","STUDPERTEACHER","PRY","RT","A","2017",15.396,
"DEU","STUDPERTEACHER","TRY","RT","A","2013",11.693,
"DEU","STUDPERTEACHER","TRY","RT","A","2014",11.817,
"DEU","STUDPERTEACHER","TRY","RT","A","2015",11.965,
"DEU","STUDPERTEACHER","TRY","RT","A","2016",12.089,
"DEU","STUDPERTEACHER","TRY","RT","A","2017",12.092,
"DEU","STUDPERTEACHER","EARLYCHILDEDU","RT","A","2013",8.335,
"DEU","STUDPERTEACHER","EARLYCHILDEDU","RT","A","2014",8.054,
"DEU","STUDPERTEACHER","EARLYCHILDEDU","RT","A","2015",7.83,
"DEU","STUDPERTEACHER","EARLYCHILDEDU","RT","A","2016",7.761,
"DEU","STUDPERTEACHER","EARLYCHILDEDU","RT","A","2017",7.617,
"DEU","STUDPERTEACHER","SRY","RT","A","2013",13.494,
"DEU","STUDPERTEACHER","SRY","RT","A","2014",13.289,
"DEU","STUDPERTEACHER","SRY","RT","A","2015",13.181,
"DEU","STUDPERTEACHER","SRY","RT","A","2016",13.103,
"DEU","STUDPERTEACHER","SRY","RT","A","2017",13.017,
"GRC","STUDPERTEACHER","PRY","RT","A","2013",9.493,
"GRC","STUDPERTEACHER","PRY","RT","A","2014",9.448,
"GRC","STUDPERTEACHER","PRY","RT","A","2015",,"M"
"GRC","STUDPERTEACHER","PRY","RT","A","2016",,"M"
"GRC","STUDPERTEACHER","PRY","RT","A","2017",,"M"
"GRC","STUDPERTEACHER","TRY","RT","A","2013",,"M"
"GRC","STUDPERTEACHER","TRY","RT","A","2014",44.517,
"GRC","STUDPERTEACHER","TRY","RT","A","2015",,"M"
"GRC","STUDPERTEACHER","TRY","RT","A","2016",,"M"
"GRC","STUDPERTEACHER","TRY","RT","A","2017",,"M"
"GRC","STUDPERTEACHER","EARLYCHILDEDU","RT","A","2013",,"M"
"GRC","STUDPERTEACHER","EARLYCHILDEDU","RT","A","2014",,"M"
"GRC","STUDPERTEACHER","EARLYCHILDEDU","RT","A","2015",,"M"
"GRC","STUDPERTEACHER","EARLYCHILDEDU","RT","A","2016",,"M"
"GRC","STUDPERTEACHER","EARLYCHILDEDU","RT","A","2017",,"M"
"GRC","STUDPERTEACHER","SRY","RT","A","2013",7.715,
"GRC","STUDPERTEACHER","SRY","RT","A","2014",,"M"
"GRC","STUDPERTEACHER","SRY","RT","A","2015",,"M"
"GRC","STUDPERTEACHER","SRY","RT","A","2016",,"M"
"GRC","STUDPERTEACHER","SRY","RT","A","2017",,"M"
"HUN","STUDPERTEACHER","PRY","RT","A","2013",10.631,
"HUN","STUDPERTEACHER","PRY","RT","A","2014",11.46,
"HUN","STUDPERTEACHER","PRY","RT","A","2015",11.235,
"HUN","STUDPERTEACHER","PRY","RT","A","2016",11.015,
"HUN","STUDPERTEACHER","PRY","RT","A","2017",10.8,
"HUN","STUDPERTEACHER","TRY","RT","A","2013",14.842,
"HUN","STUDPERTEACHER","TRY","RT","A","2014",15.094,
"HUN","STUDPERTEACHER","TRY","RT","A","2015",14.589,
"HUN","STUDPERTEACHER","TRY","RT","A","2016",13.662,
"HUN","STUDPERTEACHER","TRY","RT","A","2017",12.083,
"HUN","STUDPERTEACHER","EARLYCHILDEDU","RT","A","2013",,"M"
"HUN","STUDPERTEACHER","EARLYCHILDEDU","RT","A","2014",,"M"
"HUN","STUDPERTEACHER","EARLYCHILDEDU","RT","A","2015",12.438,
"HUN","STUDPERTEACHER","EARLYCHILDEDU","RT","A","2016",12.328,
"HUN","STUDPERTEACHER","EARLYCHILDEDU","RT","A","2017",12.234,
"HUN","STUDPERTEACHER","SRY","RT","A","2013",11.256,
"HUN","STUDPERTEACHER","SRY","RT","A","2014",11.706,
"HUN","STUDPERTEACHER","SRY","RT","A","2015",11.034,
"HUN","STUDPERTEACHER","SRY","RT","A","2016",10.707,
"HUN","STUDPERTEACHER","SRY","RT","A","2017",10.937,
"ISL","STUDPERTEACHER","PRY","RT","A","2013",10.433,
"ISL","STUDPERTEACHER","PRY","RT","A","2014",,"M"
"ISL","STUDPERTEACHER","PRY","RT","A","2015",10.742,
"ISL","STUDPERTEACHER","PRY","RT","A","2016",10.845,
"ISL","STUDPERTEACHER","PRY","RT","A","2017",11.068,
"ISL","STUDPERTEACHER","TRY","RT","A","2013",,"M"
"ISL","STUDPERTEACHER","TRY","RT","A","2014",,"M"
"ISL","STUDPERTEACHER","TRY","RT","A","2015",,"M"
"ISL","STUDPERTEACHER","TRY","RT","A","2016",,"M"
"ISL","STUDPERTEACHER","TRY","RT","A","2017",,"M"
"ISL","STUDPERTEACHER","EARLYCHILDEDU","RT","A","2013",4.699,
"ISL","STUDPERTEACHER","EARLYCHILDEDU","RT","A","2014",,"M"
"ISL","STUDPERTEACHER","EARLYCHILDEDU","RT","A","2015",4.479,
"ISL","STUDPERTEACHER","EARLYCHILDEDU","RT","A","2016",4.347,
"ISL","STUDPERTEACHER","EARLYCHILDEDU","RT","A","2017",4.346,
"ISL","STUDPERTEACHER","SRY","RT","A","2013",,"M"
"ISL","STUDPERTEACHER","SRY","RT","A","2014",,"M"
"ISL","STUDPERTEACHER","SRY","RT","A","2015",,"M"
"ISL","STUDPERTEACHER","SRY","RT","A","2016",,"M"
"ISL","STUDPERTEACHER","SRY","RT","A","2017",,"M"
"IRL","STUDPERTEACHER","PRY","RT","A","2013",,"M"
"IRL","STUDPERTEACHER","PRY","RT","A","2014",,"M"
"IRL","STUDPERTEACHER","PRY","RT","A","2015",,"M"
"IRL","STUDPERTEACHER","PRY","RT","A","2016",,"M"
"IRL","STUDPERTEACHER","PRY","RT","A","2017",15.653,
"IRL","STUDPERTEACHER","TRY","RT","A","2013",,"M"
"IRL","STUDPERTEACHER","TRY","RT","A","2014",,"M"
"IRL","STUDPERTEACHER","TRY","RT","A","2015",,"M"
"IRL","STUDPERTEACHER","TRY","RT","A","2016",,"M"
"IRL","STUDPERTEACHER","TRY","RT","A","2017",20.635,
"IRL","STUDPERTEACHER","EARLYCHILDEDU","RT","A","2013",,"M"
"IRL","STUDPERTEACHER","EARLYCHILDEDU","RT","A","2014",,"M"
"IRL","STUDPERTEACHER","EARLYCHILDEDU","RT","A","2015",,"M"
"IRL","STUDPERTEACHER","EARLYCHILDEDU","RT","A","2016",,"M"
"IRL","STUDPERTEACHER","EARLYCHILDEDU","RT","A","2017",,"M"
"IRL","STUDPERTEACHER","SRY","RT","A","2013",,"M"
"IRL","STUDPERTEACHER","SRY","RT","A","2014",,"M"
"IRL","STUDPERTEACHER","SRY","RT","A","2015",,"M"
"IRL","STUDPERTEACHER","SRY","RT","A","2016",,"M"
"IRL","STUDPERTEACHER","SRY","RT","A","2017",13.408,
"ITA","STUDPERTEACHER","PRY","RT","A","2013",12.346,
"ITA","STUDPERTEACHER","PRY","RT","A","2014",12.382,
"ITA","STUDPERTEACHER","PRY","RT","A","2015",12.357,
"ITA","STUDPERTEACHER","PRY","RT","A","2016",11.56,
"ITA","STUDPERTEACHER","PRY","RT","A","2017",11.653,
"ITA","STUDPERTEACHER","TRY","RT","A","2013",19.017,
"ITA","STUDPERTEACHER","TRY","RT","A","2014",18.846,
"ITA","STUDPERTEACHER","TRY","RT","A","2015",20.2,
"ITA","STUDPERTEACHER","TRY","RT","A","2016",20.207,
"ITA","STUDPERTEACHER","TRY","RT","A","2017",20.014,
"ITA","STUDPERTEACHER","EARLYCHILDEDU","RT","A","2013",13.516,
"ITA","STUDPERTEACHER","EARLYCHILDEDU","RT","A","2014",,"M"
"ITA","STUDPERTEACHER","EARLYCHILDEDU","RT","A","2015",13.198,
"ITA","STUDPERTEACHER","EARLYCHILDEDU","RT","A","2016",12.856,
"ITA","STUDPERTEACHER","EARLYCHILDEDU","RT","A","2017",12.435,
"ITA","STUDPERTEACHER","SRY","RT","A","2013",,"M"
"ITA","STUDPERTEACHER","SRY","RT","A","2014",12.135,
"ITA","STUDPERTEACHER","SRY","RT","A","2015",12.083,
"ITA","STUDPERTEACHER","SRY","RT","A","2016",10.597,
"ITA","STUDPERTEACHER","SRY","RT","A","2017",10.58,
"JPN","STUDPERTEACHER","PRY","RT","A","2013",17.402,
"JPN","STUDPERTEACHER","PRY","RT","A","2014",17.143,
"JPN","STUDPERTEACHER","PRY","RT","A","2015",16.906,
"JPN","STUDPERTEACHER","PRY","RT","A","2016",16.635,
"JPN","STUDPERTEACHER","PRY","RT","A","2017",16.427,
"JPN","STUDPERTEACHER","TRY","RT","A","2013",,"M"
"JPN","STUDPERTEACHER","TRY","RT","A","2014",,"M"
"JPN","STUDPERTEACHER","TRY","RT","A","2015",,"M"
"JPN","STUDPERTEACHER","TRY","RT","A","2016",,"M"
"JPN","STUDPERTEACHER","TRY","RT","A","2017",,"M"
"JPN","STUDPERTEACHER","EARLYCHILDEDU","RT","A","2013",15.408,
"JPN","STUDPERTEACHER","EARLYCHILDEDU","RT","A","2014",15.111,
"JPN","STUDPERTEACHER","EARLYCHILDEDU","RT","A","2015",14.791,
"JPN","STUDPERTEACHER","EARLYCHILDEDU","RT","A","2016",14.556,
"JPN","STUDPERTEACHER","EARLYCHILDEDU","RT","A","2017",14.515,
"JPN","STUDPERTEACHER","SRY","RT","A","2013",12.72,
"JPN","STUDPERTEACHER","SRY","RT","A","2014",12.771,
"JPN","STUDPERTEACHER","SRY","RT","A","2015",12.715,
"JPN","STUDPERTEACHER","SRY","RT","A","2016",12.545,
"JPN","STUDPERTEACHER","SRY","RT","A","2017",12.447,
"KOR","STUDPERTEACHER","PRY","RT","A","2013",17.306,
"KOR","STUDPERTEACHER","PRY","RT","A","2014",16.862,
"KOR","STUDPERTEACHER","PRY","RT","A","2015",16.787,
"KOR","STUDPERTEACHER","PRY","RT","A","2016",16.466,
"KOR","STUDPERTEACHER","PRY","RT","A","2017",16.421,
"KOR","STUDPERTEACHER","TRY","RT","A","2013",,"M"
"KOR","STUDPERTEACHER","TRY","RT","A","2014",,"M"
"KOR","STUDPERTEACHER","TRY","RT","A","2015",,"M"
"KOR","STUDPERTEACHER","TRY","RT","A","2016",,"M"
"KOR","STUDPERTEACHER","TRY","RT","A","2017",,"M"
"KOR","STUDPERTEACHER","EARLYCHILDEDU","RT","A","2013",8.92,
"KOR","STUDPERTEACHER","EARLYCHILDEDU","RT","A","2014",8.752,
"KOR","STUDPERTEACHER","EARLYCHILDEDU","RT","A","2015",8.679,
"KOR","STUDPERTEACHER","EARLYCHILDEDU","RT","A","2016",8.633,
"KOR","STUDPERTEACHER","EARLYCHILDEDU","RT","A","2017",8.597,
"KOR","STUDPERTEACHER","SRY","RT","A","2013",16.177,
"KOR","STUDPERTEACHER","SRY","RT","A","2014",15.458,
"KOR","STUDPERTEACHER","SRY","RT","A","2015",14.791,
"KOR","STUDPERTEACHER","SRY","RT","A","2016",14.157,
"KOR","STUDPERTEACHER","SRY","RT","A","2017",13.544,
"LUX","STUDPERTEACHER","PRY","RT","A","2013",8.819,
"LUX","STUDPERTEACHER","PRY","RT","A","2014",8.944,
"LUX","STUDPERTEACHER","PRY","RT","A","2015",10.74,
"LUX","STUDPERTEACHER","PRY","RT","A","2016",10.52,
"LUX","STUDPERTEACHER","PRY","RT","A","2017",9.01,
"LUX","STUDPERTEACHER","TRY","RT","A","2013",,"M"
"LUX","STUDPERTEACHER","TRY","RT","A","2014",,"M"
"LUX","STUDPERTEACHER","TRY","RT","A","2015",8.233,
"LUX","STUDPERTEACHER","TRY","RT","A","2016",7.557,
"LUX","STUDPERTEACHER","TRY","RT","A","2017",7.246,
"LUX","STUDPERTEACHER","EARLYCHILDEDU","RT","A","2013",10.855,
"LUX","STUDPERTEACHER","EARLYCHILDEDU","RT","A","2014",11.112,
"LUX","STUDPERTEACHER","EARLYCHILDEDU","RT","A","2015",10.797,
"LUX","STUDPERTEACHER","EARLYCHILDEDU","RT","A","2016",11.464,
"LUX","STUDPERTEACHER","EARLYCHILDEDU","RT","A","2017",14.47,
"LUX","STUDPERTEACHER","SRY","RT","A","2013",8.599,
"LUX","STUDPERTEACHER","SRY","RT","A","2014",9.763,
"LUX","STUDPERTEACHER","SRY","RT","A","2015",10.855,
"LUX","STUDPERTEACHER","SRY","RT","A","2016",9.693,
"LUX","STUDPERTEACHER","SRY","RT","A","2017",9.871,
"MEX","STUDPERTEACHER","PRY","RT","A","2013",27.691,
"MEX","STUDPERTEACHER","PRY","RT","A","2014",27.409,
"MEX","STUDPERTEACHER","PRY","RT","A","2015",26.927,
"MEX","STUDPERTEACHER","PRY","RT","A","2016",26.742,
"MEX","STUDPERTEACHER","PRY","RT","A","2017",26.552,
"MEX","STUDPERTEACHER","TRY","RT","A","2013",14.281,
"MEX","STUDPERTEACHER","TRY","RT","A","2014",15.527,
"MEX","STUDPERTEACHER","TRY","RT","A","2015",15.26,
"MEX","STUDPERTEACHER","TRY","RT","A","2016",17.476,
"MEX","STUDPERTEACHER","TRY","RT","A","2017",16.729,
"MEX","STUDPERTEACHER","EARLYCHILDEDU","RT","A","2013",26.165,
"MEX","STUDPERTEACHER","EARLYCHILDEDU","RT","A","2014",26.074,
"MEX","STUDPERTEACHER","EARLYCHILDEDU","RT","A","2015",24.213,
"MEX","STUDPERTEACHER","EARLYCHILDEDU","RT","A","2016",24.083,
"MEX","STUDPERTEACHER","EARLYCHILDEDU","RT","A","2017",24.132,
"MEX","STUDPERTEACHER","SRY","RT","A","2013",30.302,
"MEX","STUDPERTEACHER","SRY","RT","A","2014",27.11,
"MEX","STUDPERTEACHER","SRY","RT","A","2015",27,
"MEX","STUDPERTEACHER","SRY","RT","A","2016",27.038,
"MEX","STUDPERTEACHER","SRY","RT","A","2017",28.645,
"NLD","STUDPERTEACHER","PRY","RT","A","2013",,"M"
"NLD","STUDPERTEACHER","PRY","RT","A","2014",16.552,
"NLD","STUDPERTEACHER","PRY","RT","A","2015",16.554,
"NLD","STUDPERTEACHER","PRY","RT","A","2016",16.774,
"NLD","STUDPERTEACHER","PRY","RT","A","2017",16.65,
"NLD","STUDPERTEACHER","TRY","RT","A","2013",,"M"
"NLD","STUDPERTEACHER","TRY","RT","A","2014",,"M"
"NLD","STUDPERTEACHER","TRY","RT","A","2015",15.394,
"NLD","STUDPERTEACHER","TRY","RT","A","2016",14.762,
"NLD","STUDPERTEACHER","TRY","RT","A","2017",14.591,
"NLD","STUDPERTEACHER","EARLYCHILDEDU","RT","A","2013",16.275,
"NLD","STUDPERTEACHER","EARLYCHILDEDU","RT","A","2014",16.274,
"NLD","STUDPERTEACHER","EARLYCHILDEDU","RT","A","2015",16.282,
"NLD","STUDPERTEACHER","EARLYCHILDEDU","RT","A","2016",16.774,
"NLD","STUDPERTEACHER","EARLYCHILDEDU","RT","A","2017",16.225,
"NLD","STUDPERTEACHER","SRY","RT","A","2013",,"M"
"NLD","STUDPERTEACHER","SRY","RT","A","2014",,"M"
"NLD","STUDPERTEACHER","SRY","RT","A","2015",16.974,
"NLD","STUDPERTEACHER","SRY","RT","A","2016",16.916,
"NLD","STUDPERTEACHER","SRY","RT","A","2017",17.037,
"NZL","STUDPERTEACHER","PRY","RT","A","2013",16.388,
"NZL","STUDPERTEACHER","PRY","RT","A","2014",16.36,
"NZL","STUDPERTEACHER","PRY","RT","A","2015",16.451,
"NZL","STUDPERTEACHER","PRY","RT","A","2016",16.571,
"NZL","STUDPERTEACHER","PRY","RT","A","2017",16.903,
"NZL","STUDPERTEACHER","TRY","RT","A","2013",17.098,
"NZL","STUDPERTEACHER","TRY","RT","A","2014",17.304,
"NZL","STUDPERTEACHER","TRY","RT","A","2015",17.387,
"NZL","STUDPERTEACHER","TRY","RT","A","2016",17.736,
"NZL","STUDPERTEACHER","TRY","RT","A","2017",18.07,
"NZL","STUDPERTEACHER","EARLYCHILDEDU","RT","A","2013",6.013,
"NZL","STUDPERTEACHER","EARLYCHILDEDU","RT","A","2014",5.228,
"NZL","STUDPERTEACHER","EARLYCHILDEDU","RT","A","2015",4.913,
"NZL","STUDPERTEACHER","EARLYCHILDEDU","RT","A","2016",,"M"
"NZL","STUDPERTEACHER","EARLYCHILDEDU","RT","A","2017",4.903,
"NZL","STUDPERTEACHER","SRY","RT","A","2013",14.782,
"NZL","STUDPERTEACHER","SRY","RT","A","2014",14.607,
"NZL","STUDPERTEACHER","SRY","RT","A","2015",14.421,
"NZL","STUDPERTEACHER","SRY","RT","A","2016",14.394,
"NZL","STUDPERTEACHER","SRY","RT","A","2017",14.704,
"NOR","STUDPERTEACHER","PRY","RT","A","2013",10.341,
"NOR","STUDPERTEACHER","PRY","RT","A","2014",10.29,
"NOR","STUDPERTEACHER","PRY","RT","A","2015",,"M"
"NOR","STUDPERTEACHER","PRY","RT","A","2016",,"M"
"NOR","STUDPERTEACHER","PRY","RT","A","2017",10.163,
"NOR","STUDPERTEACHER","TRY","RT","A","2013",10.067,
"NOR","STUDPERTEACHER","TRY","RT","A","2014",10.176,
"NOR","STUDPERTEACHER","TRY","RT","A","2015",,"M"
"NOR","STUDPERTEACHER","TRY","RT","A","2016",,"M"
"NOR","STUDPERTEACHER","TRY","RT","A","2017",8.974,
"NOR","STUDPERTEACHER","EARLYCHILDEDU","RT","A","2013",11.406,
"NOR","STUDPERTEACHER","EARLYCHILDEDU","RT","A","2014",11.127,
"NOR","STUDPERTEACHER","EARLYCHILDEDU","RT","A","2015",12.617,
"NOR","STUDPERTEACHER","EARLYCHILDEDU","RT","A","2016",11.952,
"NOR","STUDPERTEACHER","EARLYCHILDEDU","RT","A","2017",11.32,
"NOR","STUDPERTEACHER","SRY","RT","A","2013",10.121,
"NOR","STUDPERTEACHER","SRY","RT","A","2014",10.064,
"NOR","STUDPERTEACHER","SRY","RT","A","2015",,"M"
"NOR","STUDPERTEACHER","SRY","RT","A","2016",,"M"
"NOR","STUDPERTEACHER","SRY","RT","A","2017",9.786,
"POL","STUDPERTEACHER","PRY","RT","A","2013",11.093,
"POL","STUDPERTEACHER","PRY","RT","A","2014",10.989,
"POL","STUDPERTEACHER","PRY","RT","A","2015",11.091,
"POL","STUDPERTEACHER","PRY","RT","A","2016",11.357,
"POL","STUDPERTEACHER","PRY","RT","A","2017",10.741,
"POL","STUDPERTEACHER","TRY","RT","A","2013",15.134,
"POL","STUDPERTEACHER","TRY","RT","A","2014",15.241,
"POL","STUDPERTEACHER","TRY","RT","A","2015",14.897,
"POL","STUDPERTEACHER","TRY","RT","A","2016",14.587,
"POL","STUDPERTEACHER","TRY","RT","A","2017",14.28,
"POL","STUDPERTEACHER","EARLYCHILDEDU","RT","A","2013",16.44,
"POL","STUDPERTEACHER","EARLYCHILDEDU","RT","A","2014",16.364,
"POL","STUDPERTEACHER","EARLYCHILDEDU","RT","A","2015",15.104,
"POL","STUDPERTEACHER","EARLYCHILDEDU","RT","A","2016",14.084,
"POL","STUDPERTEACHER","EARLYCHILDEDU","RT","A","2017",14.524,
"POL","STUDPERTEACHER","SRY","RT","A","2013",10.48,
"POL","STUDPERTEACHER","SRY","RT","A","2014",10.643,
"POL","STUDPERTEACHER","SRY","RT","A","2015",9.983,
"POL","STUDPERTEACHER","SRY","RT","A","2016",9.887,
"POL","STUDPERTEACHER","SRY","RT","A","2017",9.771,
"PRT","STUDPERTEACHER","PRY","RT","A","2013",13.205,
"PRT","STUDPERTEACHER","PRY","RT","A","2014",13.959,
"PRT","STUDPERTEACHER","PRY","RT","A","2015",13.704,
"PRT","STUDPERTEACHER","PRY","RT","A","2016",13.121,
"PRT","STUDPERTEACHER","PRY","RT","A","2017",12.675,
"PRT","STUDPERTEACHER","TRY","RT","A","2013",14.016,
"PRT","STUDPERTEACHER","TRY","RT","A","2014",14.422,
"PRT","STUDPERTEACHER","TRY","RT","A","2015",13.927,
"PRT","STUDPERTEACHER","TRY","RT","A","2016",14.368,
"PRT","STUDPERTEACHER","TRY","RT","A","2017",14.211,
"PRT","STUDPERTEACHER","EARLYCHILDEDU","RT","A","2013",16.587,
"PRT","STUDPERTEACHER","EARLYCHILDEDU","RT","A","2014",,"M"
"PRT","STUDPERTEACHER","EARLYCHILDEDU","RT","A","2015",,"M"
"PRT","STUDPERTEACHER","EARLYCHILDEDU","RT","A","2016",,"M"
"PRT","STUDPERTEACHER","EARLYCHILDEDU","RT","A","2017",,"M"
"PRT","STUDPERTEACHER","SRY","RT","A","2013",9.387,
"PRT","STUDPERTEACHER","SRY","RT","A","2014",9.504,
"PRT","STUDPERTEACHER","SRY","RT","A","2015",9.851,
"PRT","STUDPERTEACHER","SRY","RT","A","2016",9.699,
"PRT","STUDPERTEACHER","SRY","RT","A","2017",9.502,
"SVK","STUDPERTEACHER","PRY","RT","A","2013",16.94,
"SVK","STUDPERTEACHER","PRY","RT","A","2014",17.156,
"SVK","STUDPERTEACHER","PRY","RT","A","2015",17.156,
"SVK","STUDPERTEACHER","PRY","RT","A","2016",17.069,
"SVK","STUDPERTEACHER","PRY","RT","A","2017",17.399,
"SVK","STUDPERTEACHER","TRY","RT","A","2013",13.813,
"SVK","STUDPERTEACHER","TRY","RT","A","2014",13.707,
"SVK","STUDPERTEACHER","TRY","RT","A","2015",12.983,
"SVK","STUDPERTEACHER","TRY","RT","A","2016",12.398,
"SVK","STUDPERTEACHER","TRY","RT","A","2017",11.925,
"SVK","STUDPERTEACHER","EARLYCHILDEDU","RT","A","2013",12.634,
"SVK","STUDPERTEACHER","EARLYCHILDEDU","RT","A","2014",12.572,
"SVK","STUDPERTEACHER","EARLYCHILDEDU","RT","A","2015",12.45,
"SVK","STUDPERTEACHER","EARLYCHILDEDU","RT","A","2016",12.224,
"SVK","STUDPERTEACHER","EARLYCHILDEDU","RT","A","2017",11.981,
"SVK","STUDPERTEACHER","SRY","RT","A","2013",12.963,
"SVK","STUDPERTEACHER","SRY","RT","A","2014",12.917,
"SVK","STUDPERTEACHER","SRY","RT","A","2015",12.406,
"SVK","STUDPERTEACHER","SRY","RT","A","2016",12.819,
"SVK","STUDPERTEACHER","SRY","RT","A","2017",12.878,
"ESP","STUDPERTEACHER","PRY","RT","A","2013",13.756,
"ESP","STUDPERTEACHER","PRY","RT","A","2014",13.544,
"ESP","STUDPERTEACHER","PRY","RT","A","2015",13.655,
"ESP","STUDPERTEACHER","PRY","RT","A","2016",13.564,
"ESP","STUDPERTEACHER","PRY","RT","A","2017",13.646,
"ESP","STUDPERTEACHER","TRY","RT","A","2013",12.143,
"ESP","STUDPERTEACHER","TRY","RT","A","2014",12.876,
"ESP","STUDPERTEACHER","TRY","RT","A","2015",12.672,
"ESP","STUDPERTEACHER","TRY","RT","A","2016",12.206,
"ESP","STUDPERTEACHER","TRY","RT","A","2017",12.352,
"ESP","STUDPERTEACHER","EARLYCHILDEDU","RT","A","2013",12.92,
"ESP","STUDPERTEACHER","EARLYCHILDEDU","RT","A","2014",13.18,
"ESP","STUDPERTEACHER","EARLYCHILDEDU","RT","A","2015",13.023,
"ESP","STUDPERTEACHER","EARLYCHILDEDU","RT","A","2016",12.941,
"ESP","STUDPERTEACHER","EARLYCHILDEDU","RT","A","2017",12.762,
"ESP","STUDPERTEACHER","SRY","RT","A","2013",11.303,
"ESP","STUDPERTEACHER","SRY","RT","A","2014",11.528,
"ESP","STUDPERTEACHER","SRY","RT","A","2015",11.499,
"ESP","STUDPERTEACHER","SRY","RT","A","2016",11.19,
"ESP","STUDPERTEACHER","SRY","RT","A","2017",11.187,
"SWE","STUDPERTEACHER","PRY","RT","A","2013",12.675,
"SWE","STUDPERTEACHER","PRY","RT","A","2014",12.739,
"SWE","STUDPERTEACHER","PRY","RT","A","2015",12.831,
"SWE","STUDPERTEACHER","PRY","RT","A","2016",13.055,
"SWE","STUDPERTEACHER","PRY","RT","A","2017",12.827,
"SWE","STUDPERTEACHER","TRY","RT","A","2013",11.024,
"SWE","STUDPERTEACHER","TRY","RT","A","2014",10.693,
"SWE","STUDPERTEACHER","TRY","RT","A","2015",10.43,
"SWE","STUDPERTEACHER","TRY","RT","A","2016",10.384,
"SWE","STUDPERTEACHER","TRY","RT","A","2017",10.27,
"SWE","STUDPERTEACHER","EARLYCHILDEDU","RT","A","2013",6.048,
"SWE","STUDPERTEACHER","EARLYCHILDEDU","RT","A","2014",5.492,
"SWE","STUDPERTEACHER","EARLYCHILDEDU","RT","A","2015",6.105,
"SWE","STUDPERTEACHER","EARLYCHILDEDU","RT","A","2016",6.025,
"SWE","STUDPERTEACHER","EARLYCHILDEDU","RT","A","2017",5.962,
"SWE","STUDPERTEACHER","SRY","RT","A","2013",12.429,
"SWE","STUDPERTEACHER","SRY","RT","A","2014",13.093,
"SWE","STUDPERTEACHER","SRY","RT","A","2015",13.409,
"SWE","STUDPERTEACHER","SRY","RT","A","2016",13.082,
"SWE","STUDPERTEACHER","SRY","RT","A","2017",12.984,
"CHE","STUDPERTEACHER","PRY","RT","A","2013",13.824,
"CHE","STUDPERTEACHER","PRY","RT","A","2014",13.796,
"CHE","STUDPERTEACHER","PRY","RT","A","2015",,"M"
"CHE","STUDPERTEACHER","PRY","RT","A","2016",,"M"
"CHE","STUDPERTEACHER","PRY","RT","A","2017",15.299,
"CHE","STUDPERTEACHER","TRY","RT","A","2013",,"M"
"CHE","STUDPERTEACHER","TRY","RT","A","2014",,"M"
"CHE","STUDPERTEACHER","TRY","RT","A","2015",,"M"
"CHE","STUDPERTEACHER","TRY","RT","A","2016",,"M"
"CHE","STUDPERTEACHER","TRY","RT","A","2017",,"M"
"CHE","STUDPERTEACHER","EARLYCHILDEDU","RT","A","2013",15.717,
"CHE","STUDPERTEACHER","EARLYCHILDEDU","RT","A","2014",15.656,
"CHE","STUDPERTEACHER","EARLYCHILDEDU","RT","A","2015",,"M"
"CHE","STUDPERTEACHER","EARLYCHILDEDU","RT","A","2016",,"M"
"CHE","STUDPERTEACHER","EARLYCHILDEDU","RT","A","2017",,"M"
"CHE","STUDPERTEACHER","SRY","RT","A","2013",,"M"
"CHE","STUDPERTEACHER","SRY","RT","A","2014",,"M"
"CHE","STUDPERTEACHER","SRY","RT","A","2015",,"M"
"CHE","STUDPERTEACHER","SRY","RT","A","2016",,"M"
"CHE","STUDPERTEACHER","SRY","RT","A","2017",,"M"
"TUR","STUDPERTEACHER","PRY","RT","A","2013",19.833,
"TUR","STUDPERTEACHER","PRY","RT","A","2014",19.327,
"TUR","STUDPERTEACHER","PRY","RT","A","2015",18.405,
"TUR","STUDPERTEACHER","PRY","RT","A","2016",17.694,
"TUR","STUDPERTEACHER","PRY","RT","A","2017",16.978,
"TUR","STUDPERTEACHER","TRY","RT","A","2013",21.693,
"TUR","STUDPERTEACHER","TRY","RT","A","2014",20.294,
"TUR","STUDPERTEACHER","TRY","RT","A","2015",21.892,
"TUR","STUDPERTEACHER","TRY","RT","A","2016",23.125,
"TUR","STUDPERTEACHER","TRY","RT","A","2017",25.647,
"TUR","STUDPERTEACHER","EARLYCHILDEDU","RT","A","2013",,"M"
"TUR","STUDPERTEACHER","EARLYCHILDEDU","RT","A","2014",,"M"
"TUR","STUDPERTEACHER","EARLYCHILDEDU","RT","A","2015",,"M"
"TUR","STUDPERTEACHER","EARLYCHILDEDU","RT","A","2016",,"M"
"TUR","STUDPERTEACHER","EARLYCHILDEDU","RT","A","2017",,"M"
"TUR","STUDPERTEACHER","SRY","RT","A","2013",17.498,
"TUR","STUDPERTEACHER","SRY","RT","A","2014",16.611,
"TUR","STUDPERTEACHER","SRY","RT","A","2015",15.448,
"TUR","STUDPERTEACHER","SRY","RT","A","2016",13.889,
"TUR","STUDPERTEACHER","SRY","RT","A","2017",14.679,
"GBR","STUDPERTEACHER","PRY","RT","A","2013",20.673,
"GBR","STUDPERTEACHER","PRY","RT","A","2014",19.622,
"GBR","STUDPERTEACHER","PRY","RT","A","2015",18.358,
"GBR","STUDPERTEACHER","PRY","RT","A","2016",16.946,
"GBR","STUDPERTEACHER","PRY","RT","A","2017",16.895,
"GBR","STUDPERTEACHER","TRY","RT","A","2013",17.975,
"GBR","STUDPERTEACHER","TRY","RT","A","2014",16.739,
"GBR","STUDPERTEACHER","TRY","RT","A","2015",15.887,
"GBR","STUDPERTEACHER","TRY","RT","A","2016",15.84,
"GBR","STUDPERTEACHER","TRY","RT","A","2017",15.83,
"GBR","STUDPERTEACHER","EARLYCHILDEDU","RT","A","2013",,"M"
"GBR","STUDPERTEACHER","EARLYCHILDEDU","RT","A","2014",17.585,
"GBR","STUDPERTEACHER","EARLYCHILDEDU","RT","A","2015",,"M"
"GBR","STUDPERTEACHER","EARLYCHILDEDU","RT","A","2016",,"M"
"GBR","STUDPERTEACHER","EARLYCHILDEDU","RT","A","2017",22.999,
"GBR","STUDPERTEACHER","SRY","RT","A","2013",18.499,
"GBR","STUDPERTEACHER","SRY","RT","A","2014",15.771,
"GBR","STUDPERTEACHER","SRY","RT","A","2015",16.281,
"GBR","STUDPERTEACHER","SRY","RT","A","2016",15.779,
"GBR","STUDPERTEACHER","SRY","RT","A","2017",16.35,
"USA","STUDPERTEACHER","PRY","RT","A","2013",15.347,
"USA","STUDPERTEACHER","PRY","RT","A","2014",15.435,
"USA","STUDPERTEACHER","PRY","RT","A","2015",15.354,
"USA","STUDPERTEACHER","PRY","RT","A","2016",15.216,
"USA","STUDPERTEACHER","PRY","RT","A","2017",15.182,
"USA","STUDPERTEACHER","TRY","RT","A","2013",15.159,
"USA","STUDPERTEACHER","TRY","RT","A","2014",14.633,
"USA","STUDPERTEACHER","TRY","RT","A","2015",14.476,
"USA","STUDPERTEACHER","TRY","RT","A","2016",14.161,
"USA","STUDPERTEACHER","TRY","RT","A","2017",13.902,
"USA","STUDPERTEACHER","EARLYCHILDEDU","RT","A","2013",,"M"
"USA","STUDPERTEACHER","EARLYCHILDEDU","RT","A","2014",,"M"
"USA","STUDPERTEACHER","EARLYCHILDEDU","RT","A","2015",,"M"
"USA","STUDPERTEACHER","EARLYCHILDEDU","RT","A","2016",,"M"
"USA","STUDPERTEACHER","EARLYCHILDEDU","RT","A","2017",,"M"
"USA","STUDPERTEACHER","SRY","RT","A","2013",15.365,
"USA","STUDPERTEACHER","SRY","RT","A","2014",15.457,
"USA","STUDPERTEACHER","SRY","RT","A","2015",15.375,
"USA","STUDPERTEACHER","SRY","RT","A","2016",15.387,
"USA","STUDPERTEACHER","SRY","RT","A","2017",15.35,
"ARG","STUDPERTEACHER","PRY","RT","A","2013",,"M"
"ARG","STUDPERTEACHER","PRY","RT","A","2014",,"M"
"ARG","STUDPERTEACHER","PRY","RT","A","2015",,"M"
"ARG","STUDPERTEACHER","TRY","RT","A","2013",,"M"
"ARG","STUDPERTEACHER","TRY","RT","A","2014",,"M"
"ARG","STUDPERTEACHER","TRY","RT","A","2015",,"M"
"ARG","STUDPERTEACHER","EARLYCHILDEDU","RT","A","2013",,"M"
"ARG","STUDPERTEACHER","EARLYCHILDEDU","RT","A","2014",,"M"
"ARG","STUDPERTEACHER","EARLYCHILDEDU","RT","A","2015",,"M"
"ARG","STUDPERTEACHER","SRY","RT","A","2013",,"M"
"ARG","STUDPERTEACHER","SRY","RT","A","2014",,"M"
"ARG","STUDPERTEACHER","SRY","RT","A","2015",,"M"
"BRA","STUDPERTEACHER","PRY","RT","A","2013",21.227,
"BRA","STUDPERTEACHER","PRY","RT","A","2014",20.918,
"BRA","STUDPERTEACHER","PRY","RT","A","2015",24.791,
"BRA","STUDPERTEACHER","PRY","RT","A","2016",24.443,
"BRA","STUDPERTEACHER","PRY","RT","A","2017",24.259,
"BRA","STUDPERTEACHER","TRY","RT","A","2013",26.79,
"BRA","STUDPERTEACHER","TRY","RT","A","2014",24.558,
"BRA","STUDPERTEACHER","TRY","RT","A","2015",25.168,
"BRA","STUDPERTEACHER","TRY","RT","A","2016",25.098,
"BRA","STUDPERTEACHER","TRY","RT","A","2017",24.642,
"BRA","STUDPERTEACHER","EARLYCHILDEDU","RT","A","2013",15.251,
"BRA","STUDPERTEACHER","EARLYCHILDEDU","RT","A","2014",15.003,
"BRA","STUDPERTEACHER","EARLYCHILDEDU","RT","A","2015",17.716,
"BRA","STUDPERTEACHER","EARLYCHILDEDU","RT","A","2016",17.571,
"BRA","STUDPERTEACHER","EARLYCHILDEDU","RT","A","2017",17.465,
"BRA","STUDPERTEACHER","SRY","RT","A","2013",17.263,
"BRA","STUDPERTEACHER","SRY","RT","A","2014",16.692,
"BRA","STUDPERTEACHER","SRY","RT","A","2015",24.402,
"BRA","STUDPERTEACHER","SRY","RT","A","2016",24.535,
"BRA","STUDPERTEACHER","SRY","RT","A","2017",24.648,
"CHL","STUDPERTEACHER","PRY","RT","A","2013",22.525,
"CHL","STUDPERTEACHER","PRY","RT","A","2014",21.318,
"CHL","STUDPERTEACHER","PRY","RT","A","2015",20.89,
"CHL","STUDPERTEACHER","PRY","RT","A","2016",20.291,
"CHL","STUDPERTEACHER","PRY","RT","A","2017",19.77,
"CHL","STUDPERTEACHER","TRY","RT","A","2013",,"M"
"CHL","STUDPERTEACHER","TRY","RT","A","2014",,"M"
"CHL","STUDPERTEACHER","TRY","RT","A","2015",,"M"
"CHL","STUDPERTEACHER","TRY","RT","A","2016",,"M"
"CHL","STUDPERTEACHER","TRY","RT","A","2017",,"M"
"CHL","STUDPERTEACHER","EARLYCHILDEDU","RT","A","2013",26.302,
"CHL","STUDPERTEACHER","EARLYCHILDEDU","RT","A","2014",25.678,
"CHL","STUDPERTEACHER","EARLYCHILDEDU","RT","A","2015",25.014,
"CHL","STUDPERTEACHER","EARLYCHILDEDU","RT","A","2016",24.308,
"CHL","STUDPERTEACHER","EARLYCHILDEDU","RT","A","2017",23.269,
"CHL","STUDPERTEACHER","SRY","RT","A","2013",24.799,
"CHL","STUDPERTEACHER","SRY","RT","A","2014",23.514,
"CHL","STUDPERTEACHER","SRY","RT","A","2015",22.597,
"CHL","STUDPERTEACHER","SRY","RT","A","2016",21.742,
"CHL","STUDPERTEACHER","SRY","RT","A","2017",20.908,
"CHN","STUDPERTEACHER","PRY","RT","A","2013",16.853,
"CHN","STUDPERTEACHER","PRY","RT","A","2014",16.231,
"CHN","STUDPERTEACHER","PRY","RT","A","2015",16.294,
"CHN","STUDPERTEACHER","PRY","RT","A","2016",16.549,
"CHN","STUDPERTEACHER","TRY","RT","A","2013",,"M"
"CHN","STUDPERTEACHER","TRY","RT","A","2014",,"M"
"CHN","STUDPERTEACHER","TRY","RT","A","2015",,"M"
"CHN","STUDPERTEACHER","TRY","RT","A","2016",,"M"
"CHN","STUDPERTEACHER","EARLYCHILDEDU","RT","A","2013",22.266,
"CHN","STUDPERTEACHER","EARLYCHILDEDU","RT","A","2014",21.039,
"CHN","STUDPERTEACHER","EARLYCHILDEDU","RT","A","2015",19.931,
"CHN","STUDPERTEACHER","EARLYCHILDEDU","RT","A","2016",19.076,
"CHN","STUDPERTEACHER","SRY","RT","A","2013",15.142,
"CHN","STUDPERTEACHER","SRY","RT","A","2014",14.28,
"CHN","STUDPERTEACHER","SRY","RT","A","2015",13.815,
"CHN","STUDPERTEACHER","SRY","RT","A","2016",13.499,
"COL","STUDPERTEACHER","PRY","RT","A","2013",24.984,
"COL","STUDPERTEACHER","PRY","RT","A","2014",24.287,
"COL","STUDPERTEACHER","PRY","RT","A","2015",23.799,
"COL","STUDPERTEACHER","PRY","RT","A","2016",24.231,
"COL","STUDPERTEACHER","PRY","RT","A","2017",23.601,
"COL","STUDPERTEACHER","TRY","RT","A","2013",18.057,
"COL","STUDPERTEACHER","TRY","RT","A","2014",17.35,
"COL","STUDPERTEACHER","TRY","RT","A","2015",12.854,
"COL","STUDPERTEACHER","TRY","RT","A","2016",30.716,
"COL","STUDPERTEACHER","TRY","RT","A","2017",31.256,
"COL","STUDPERTEACHER","EARLYCHILDEDU","RT","A","2013",17.271,
"COL","STUDPERTEACHER","EARLYCHILDEDU","RT","A","2014",,"M"
"COL","STUDPERTEACHER","EARLYCHILDEDU","RT","A","2015",,"M"
"COL","STUDPERTEACHER","EARLYCHILDEDU","RT","A","2016",,"M"
"COL","STUDPERTEACHER","EARLYCHILDEDU","RT","A","2017",,"M"
"COL","STUDPERTEACHER","SRY","RT","A","2013",25.498,
"COL","STUDPERTEACHER","SRY","RT","A","2014",24.901,
"COL","STUDPERTEACHER","SRY","RT","A","2015",25.577,
"COL","STUDPERTEACHER","SRY","RT","A","2016",26.026,
"COL","STUDPERTEACHER","SRY","RT","A","2017",26.011,
"CRI","STUDPERTEACHER","PRY","RT","A","2013",13.342,
"CRI","STUDPERTEACHER","PRY","RT","A","2014",13.227,
"CRI","STUDPERTEACHER","PRY","RT","A","2015",12.676,
"CRI","STUDPERTEACHER","PRY","RT","A","2016",11.979,
"CRI","STUDPERTEACHER","PRY","RT","A","2017",11.643,
"CRI","STUDPERTEACHER","TRY","RT","A","2013",,"M"
"CRI","STUDPERTEACHER","TRY","RT","A","2014",,"M"
"CRI","STUDPERTEACHER","TRY","RT","A","2015",,"M"
"CRI","STUDPERTEACHER","TRY","RT","A","2016",,"M"
"CRI","STUDPERTEACHER","TRY","RT","A","2017",,"M"
"CRI","STUDPERTEACHER","EARLYCHILDEDU","RT","A","2013",12.441,
"CRI","STUDPERTEACHER","EARLYCHILDEDU","RT","A","2014",12.745,
"CRI","STUDPERTEACHER","EARLYCHILDEDU","RT","A","2015",12.434,
"CRI","STUDPERTEACHER","EARLYCHILDEDU","RT","A","2016",11.475,
"CRI","STUDPERTEACHER","EARLYCHILDEDU","RT","A","2017",11.342,
"CRI","STUDPERTEACHER","SRY","RT","A","2013",13.97,
"CRI","STUDPERTEACHER","SRY","RT","A","2014",14.359,
"CRI","STUDPERTEACHER","SRY","RT","A","2015",13.952,
"CRI","STUDPERTEACHER","SRY","RT","A","2016",12.732,
"CRI","STUDPERTEACHER","SRY","RT","A","2017",13.612,
"EST","STUDPERTEACHER","PRY","RT","A","2013",13.04,
"EST","STUDPERTEACHER","PRY","RT","A","2014",12.892,
"EST","STUDPERTEACHER","PRY","RT","A","2015",13.347,
"EST","STUDPERTEACHER","PRY","RT","A","2016",13.192,
"EST","STUDPERTEACHER","PRY","RT","A","2017",13.192,
"EST","STUDPERTEACHER","TRY","RT","A","2013",,"M"
"EST","STUDPERTEACHER","TRY","RT","A","2014",15.062,
"EST","STUDPERTEACHER","TRY","RT","A","2015",14.007,
"EST","STUDPERTEACHER","TRY","RT","A","2016",13.906,
"EST","STUDPERTEACHER","TRY","RT","A","2017",13.688,
"EST","STUDPERTEACHER","EARLYCHILDEDU","RT","A","2013",8.92,
"EST","STUDPERTEACHER","EARLYCHILDEDU","RT","A","2014",8.78,
"EST","STUDPERTEACHER","EARLYCHILDEDU","RT","A","2015",8.581,
"EST","STUDPERTEACHER","EARLYCHILDEDU","RT","A","2016",8.47,
"EST","STUDPERTEACHER","EARLYCHILDEDU","RT","A","2017",8.534,
"EST","STUDPERTEACHER","SRY","RT","A","2013",11.968,
"EST","STUDPERTEACHER","SRY","RT","A","2014",12.178,
"EST","STUDPERTEACHER","SRY","RT","A","2015",12.176,
"EST","STUDPERTEACHER","SRY","RT","A","2016",12.558,
"EST","STUDPERTEACHER","SRY","RT","A","2017",12.699,
"IND","STUDPERTEACHER","PRY","RT","A","2013",32.318,
"IND","STUDPERTEACHER","PRY","RT","A","2014",31.289,
"IND","STUDPERTEACHER","PRY","RT","A","2015",31.491,
"IND","STUDPERTEACHER","PRY","RT","A","2016",35.216,
"IND","STUDPERTEACHER","TRY","RT","A","2013",21.531,
"IND","STUDPERTEACHER","TRY","RT","A","2014",24.473,
"IND","STUDPERTEACHER","TRY","RT","A","2015",24.29,
"IND","STUDPERTEACHER","TRY","RT","A","2016",23.745,
"IND","STUDPERTEACHER","EARLYCHILDEDU","RT","A","2013",,"M"
"IND","STUDPERTEACHER","EARLYCHILDEDU","RT","A","2014",,"M"
"IND","STUDPERTEACHER","EARLYCHILDEDU","RT","A","2015",20.102,
"IND","STUDPERTEACHER","EARLYCHILDEDU","RT","A","2016",,"M"
"IND","STUDPERTEACHER","SRY","RT","A","2013",30.783,
"IND","STUDPERTEACHER","SRY","RT","A","2014",31.772,
"IND","STUDPERTEACHER","SRY","RT","A","2015",31.65,
"IND","STUDPERTEACHER","SRY","RT","A","2016",28.491,
"IDN","STUDPERTEACHER","PRY","RT","A","2013",16.094,
"IDN","STUDPERTEACHER","PRY","RT","A","2014",16.559,
"IDN","STUDPERTEACHER","PRY","RT","A","2015",,"M"
"IDN","STUDPERTEACHER","PRY","RT","A","2016",13.978,
"IDN","STUDPERTEACHER","TRY","RT","A","2013",27.044,
"IDN","STUDPERTEACHER","TRY","RT","A","2014",25.003,
"IDN","STUDPERTEACHER","TRY","RT","A","2015",,"M"
"IDN","STUDPERTEACHER","TRY","RT","A","2016",22.169,
"IDN","STUDPERTEACHER","EARLYCHILDEDU","RT","A","2013",16.556,
"IDN","STUDPERTEACHER","EARLYCHILDEDU","RT","A","2014",13.585,
"IDN","STUDPERTEACHER","EARLYCHILDEDU","RT","A","2015",,"M"
"IDN","STUDPERTEACHER","EARLYCHILDEDU","RT","A","2016",17.816,
"IDN","STUDPERTEACHER","SRY","RT","A","2013",15.375,
"IDN","STUDPERTEACHER","SRY","RT","A","2014",15.473,
"IDN","STUDPERTEACHER","SRY","RT","A","2015",,"M"
"IDN","STUDPERTEACHER","SRY","RT","A","2016",14.115,
"ISR","STUDPERTEACHER","PRY","RT","A","2013",15.268,
"ISR","STUDPERTEACHER","PRY","RT","A","2014",15.468,
"ISR","STUDPERTEACHER","PRY","RT","A","2015",15.434,
"ISR","STUDPERTEACHER","PRY","RT","A","2016",15.418,
"ISR","STUDPERTEACHER","PRY","RT","A","2017",15.172,
"ISR","STUDPERTEACHER","TRY","RT","A","2013",,"M"
"ISR","STUDPERTEACHER","TRY","RT","A","2014",,"M"
"ISR","STUDPERTEACHER","TRY","RT","A","2015",,"M"
"ISR","STUDPERTEACHER","TRY","RT","A","2016",,"M"
"ISR","STUDPERTEACHER","TRY","RT","A","2017",,"M"
"ISR","STUDPERTEACHER","EARLYCHILDEDU","RT","A","2013",,"M"
"ISR","STUDPERTEACHER","EARLYCHILDEDU","RT","A","2014",,"M"
"ISR","STUDPERTEACHER","EARLYCHILDEDU","RT","A","2015",,"M"
"ISR","STUDPERTEACHER","EARLYCHILDEDU","RT","A","2016",,"M"
"ISR","STUDPERTEACHER","EARLYCHILDEDU","RT","A","2017",,"M"
"ISR","STUDPERTEACHER","SRY","RT","A","2013",,"M"
"ISR","STUDPERTEACHER","SRY","RT","A","2014",11.185,
"ISR","STUDPERTEACHER","SRY","RT","A","2015",,"M"
"ISR","STUDPERTEACHER","SRY","RT","A","2016",,"M"
"ISR","STUDPERTEACHER","SRY","RT","A","2017",10.277,
"LVA","STUDPERTEACHER","PRY","RT","A","2013",11.162,
"LVA","STUDPERTEACHER","PRY","RT","A","2014",11.169,
"LVA","STUDPERTEACHER","PRY","RT","A","2015",11.603,
"LVA","STUDPERTEACHER","PRY","RT","A","2016",11.415,
"LVA","STUDPERTEACHER","PRY","RT","A","2017",12.075,
"LVA","STUDPERTEACHER","TRY","RT","A","2013",19.522,
"LVA","STUDPERTEACHER","TRY","RT","A","2014",18.902,
"LVA","STUDPERTEACHER","TRY","RT","A","2015",18.722,
"LVA","STUDPERTEACHER","TRY","RT","A","2016",18.365,
"LVA","STUDPERTEACHER","TRY","RT","A","2017",16.56,
"LVA","STUDPERTEACHER","EARLYCHILDEDU","RT","A","2013",13.748,
"LVA","STUDPERTEACHER","EARLYCHILDEDU","RT","A","2014",10.885,
"LVA","STUDPERTEACHER","EARLYCHILDEDU","RT","A","2015",10.245,
"LVA","STUDPERTEACHER","EARLYCHILDEDU","RT","A","2016",9.729,
"LVA","STUDPERTEACHER","EARLYCHILDEDU","RT","A","2017",9.825,
"LVA","STUDPERTEACHER","SRY","RT","A","2013",8.979,
"LVA","STUDPERTEACHER","SRY","RT","A","2014",8.779,
"LVA","STUDPERTEACHER","SRY","RT","A","2015",8.667,
"LVA","STUDPERTEACHER","SRY","RT","A","2016",8.733,
"LVA","STUDPERTEACHER","SRY","RT","A","2017",9.326,
"LTU","STUDPERTEACHER","PRY","RT","A","2013",10.189,
"LTU","STUDPERTEACHER","PRY","RT","A","2014",10.233,
"LTU","STUDPERTEACHER","PRY","RT","A","2015",10.256,
"LTU","STUDPERTEACHER","PRY","RT","A","2016",10.47,
"LTU","STUDPERTEACHER","PRY","RT","A","2017",10.619,
"LTU","STUDPERTEACHER","TRY","RT","A","2013",16.571,
"LTU","STUDPERTEACHER","TRY","RT","A","2014",16.074,
"LTU","STUDPERTEACHER","TRY","RT","A","2015",16.451,
"LTU","STUDPERTEACHER","TRY","RT","A","2016",16.277,
"LTU","STUDPERTEACHER","TRY","RT","A","2017",16.23,
"LTU","STUDPERTEACHER","EARLYCHILDEDU","RT","A","2013",9.997,
"LTU","STUDPERTEACHER","EARLYCHILDEDU","RT","A","2014",10.406,
"LTU","STUDPERTEACHER","EARLYCHILDEDU","RT","A","2015",10.538,
"LTU","STUDPERTEACHER","EARLYCHILDEDU","RT","A","2016",10.376,
"LTU","STUDPERTEACHER","EARLYCHILDEDU","RT","A","2017",10.83,
"LTU","STUDPERTEACHER","SRY","RT","A","2013",7.741,
"LTU","STUDPERTEACHER","SRY","RT","A","2014",7.616,
"LTU","STUDPERTEACHER","SRY","RT","A","2015",7.531,
"LTU","STUDPERTEACHER","SRY","RT","A","2016",7.412,
"LTU","STUDPERTEACHER","SRY","RT","A","2017",7.518,
"RUS","STUDPERTEACHER","PRY","RT","A","2013",20.318,
"RUS","STUDPERTEACHER","PRY","RT","A","2014",20.239,
"RUS","STUDPERTEACHER","PRY","RT","A","2015",20.566,
"RUS","STUDPERTEACHER","PRY","RT","A","2016",21.038,
"RUS","STUDPERTEACHER","PRY","RT","A","2017",21.105,
"RUS","STUDPERTEACHER","TRY","RT","A","2013",10.768,
"RUS","STUDPERTEACHER","TRY","RT","A","2014",10.917,
"RUS","STUDPERTEACHER","TRY","RT","A","2015",10.96,
"RUS","STUDPERTEACHER","TRY","RT","A","2016",10.88,
"RUS","STUDPERTEACHER","TRY","RT","A","2017",11.813,
"RUS","STUDPERTEACHER","EARLYCHILDEDU","RT","A","2013",9.577,
"RUS","STUDPERTEACHER","EARLYCHILDEDU","RT","A","2014",9.577,
"RUS","STUDPERTEACHER","EARLYCHILDEDU","RT","A","2015",10.648,
"RUS","STUDPERTEACHER","EARLYCHILDEDU","RT","A","2016",10.965,
"RUS","STUDPERTEACHER","EARLYCHILDEDU","RT","A","2017",11.031,
"RUS","STUDPERTEACHER","SRY","RT","A","2013",8.917,
"RUS","STUDPERTEACHER","SRY","RT","A","2014",8.848,
"RUS","STUDPERTEACHER","SRY","RT","A","2015",10.385,
"RUS","STUDPERTEACHER","SRY","RT","A","2016",10.637,
"RUS","STUDPERTEACHER","SRY","RT","A","2017",10.44,
"SAU","STUDPERTEACHER","PRY","RT","A","2013",10.544,
"SAU","STUDPERTEACHER","PRY","RT","A","2014",10.759,
"SAU","STUDPERTEACHER","PRY","RT","A","2015",10.901,
"SAU","STUDPERTEACHER","PRY","RT","A","2016",11.681,
"SAU","STUDPERTEACHER","TRY","RT","A","2013",20.971,
"SAU","STUDPERTEACHER","TRY","RT","A","2014",20.276,
"SAU","STUDPERTEACHER","TRY","RT","A","2015",19.845,
"SAU","STUDPERTEACHER","TRY","RT","A","2016",20.335,
"SAU","STUDPERTEACHER","EARLYCHILDEDU","RT","A","2013",9.63,
"SAU","STUDPERTEACHER","EARLYCHILDEDU","RT","A","2014",10.816,
"SAU","STUDPERTEACHER","EARLYCHILDEDU","RT","A","2015",10.69,
"SAU","STUDPERTEACHER","EARLYCHILDEDU","RT","A","2016",10.823,
"SAU","STUDPERTEACHER","SRY","RT","A","2013",10.765,
"SAU","STUDPERTEACHER","SRY","RT","A","2014",10.962,
"SAU","STUDPERTEACHER","SRY","RT","A","2015",,"M"
"SAU","STUDPERTEACHER","SRY","RT","A","2016",,"M"
"SVN","STUDPERTEACHER","PRY","RT","A","2013",15.995,
"SVN","STUDPERTEACHER","PRY","RT","A","2014",15.862,
"SVN","STUDPERTEACHER","PRY","RT","A","2015",15.888,
"SVN","STUDPERTEACHER","PRY","RT","A","2016",14.282,
"SVN","STUDPERTEACHER","PRY","RT","A","2017",14.45,
"SVN","STUDPERTEACHER","TRY","RT","A","2013",18.087,
"SVN","STUDPERTEACHER","TRY","RT","A","2014",17.075,
"SVN","STUDPERTEACHER","TRY","RT","A","2015",17.081,
"SVN","STUDPERTEACHER","TRY","RT","A","2016",15.324,
"SVN","STUDPERTEACHER","TRY","RT","A","2017",14.947,
"SVN","STUDPERTEACHER","EARLYCHILDEDU","RT","A","2013",8.136,
"SVN","STUDPERTEACHER","EARLYCHILDEDU","RT","A","2014",8.112,
"SVN","STUDPERTEACHER","EARLYCHILDEDU","RT","A","2015",8.058,
"SVN","STUDPERTEACHER","EARLYCHILDEDU","RT","A","2016",8.045,
"SVN","STUDPERTEACHER","EARLYCHILDEDU","RT","A","2017",7.956,
"SVN","STUDPERTEACHER","SRY","RT","A","2013",10.802,
"SVN","STUDPERTEACHER","SRY","RT","A","2014",10.886,
"SVN","STUDPERTEACHER","SRY","RT","A","2015",10.899,
"SVN","STUDPERTEACHER","SRY","RT","A","2016",9.384,
"SVN","STUDPERTEACHER","SRY","RT","A","2017",9.269,
"ZAF","STUDPERTEACHER","PRY","RT","A","2013",32.029,
"ZAF","STUDPERTEACHER","PRY","RT","A","2014",32.768,
"ZAF","STUDPERTEACHER","PRY","RT","A","2015",30.332,
"ZAF","STUDPERTEACHER","PRY","RT","A","2016",30.332,
"ZAF","STUDPERTEACHER","TRY","RT","A","2013",,"M"
"ZAF","STUDPERTEACHER","TRY","RT","A","2014",,"M"
"ZAF","STUDPERTEACHER","TRY","RT","A","2015",,"M"
"ZAF","STUDPERTEACHER","TRY","RT","A","2016",,"M"
"ZAF","STUDPERTEACHER","EARLYCHILDEDU","RT","A","2013",,"M"
"ZAF","STUDPERTEACHER","EARLYCHILDEDU","RT","A","2014",,"M"
"ZAF","STUDPERTEACHER","EARLYCHILDEDU","RT","A","2015",,"M"
"ZAF","STUDPERTEACHER","EARLYCHILDEDU","RT","A","2016",,"M"
"ZAF","STUDPERTEACHER","SRY","RT","A","2013",,"M"
"ZAF","STUDPERTEACHER","SRY","RT","A","2014",,"M"
"ZAF","STUDPERTEACHER","SRY","RT","A","2015",27.782,
"ZAF","STUDPERTEACHER","SRY","RT","A","2016",27.782,
